{"loss": [0.02049393765628338, 0.011471097357571125, 0.010758636519312859, 0.010501059703528881, 0.01034626830369234, 0.010245096869766712, 0.010222682729363441, 0.010158500634133816, 0.010125976987183094, 0.010095329955220222], "val_loss": [0.008546629920601845, 0.006179880350828171, 0.006042548455297947, 0.005451701115816832, 0.00513137923553586, 0.006831989623606205, 0.005000509787350893, 0.005106503143906593, 0.005201627034693956, 0.004464981611818075]}