{"loss": [0.029721850529313087, 0.020590880885720253, 0.019394205883145332, 0.018657809123396873, 0.018277321010828018, 0.018000800162553787, 0.017793774604797363, 0.017655758187174797, 0.017508501186966896, 0.017428377643227577], "val_loss": [0.01926547847688198, 0.01778590679168701, 0.01643427088856697, 0.01653599925339222, 0.01567036472260952, 0.016328919678926468, 0.01526222750544548, 0.01564013957977295, 0.014904147014021873, 0.015419318340718746]}