{"loss": [0.02949974685907364, 0.017077265307307243, 0.01564132049679756, 0.015069005079567432, 0.014857047237455845, 0.014710921794176102, 0.014607135206460953, 0.014527368359267712, 0.0144615788012743, 0.014479121193289757], "val_loss": [0.014574198052287102, 0.007407440338283777, 0.008115413598716259, 0.00876354519277811, 0.007373393513262272, 0.005946051329374313, 0.007496464531868696, 0.011714985594153404, 0.0058981566689908504, 0.00677500432357192]}