{"loss": [0.021083859726786613, 0.012039560824632645, 0.011454752646386623, 0.01117346715182066, 0.011047594249248505, 0.010906803421676159, 0.010794551111757755, 0.01083873026072979, 0.010676199570298195, 0.010673417709767818], "val_loss": [0.007376665715128183, 0.006554273422807455, 0.00663641095161438, 0.006246330216526985, 0.007278569042682648, 0.005559965502470732, 0.00491579994559288, 0.005713797174394131, 0.005316637922078371, 0.005098988302052021]}