{"loss": [0.02852907031774521, 0.020674431696534157, 0.01956319995224476, 0.018994931131601334, 0.018548380583524704, 0.018240775913000107, 0.018005872145295143, 0.017913389950990677, 0.017784247174859047, 0.01760866492986679], "val_loss": [0.01929059438407421, 0.017543813213706017, 0.016532516106963158, 0.016211632639169693, 0.015823280438780785, 0.016538042575120926, 0.015965573489665985, 0.016306376084685326, 0.016400622203946114, 0.014983830973505974]}